"CatalogNumber","VerbatimScientificName","ScientificName","VernacularName","VernacularNameCategory","TaxonRank","AphiaID","Phylum","Class","Subclass","Order","Suborder","Family","Subfamily","Genus","Subgenus","Species","Subspecies","ScientificNameAuthorship","Synonyms"
1,"Halipteris sp.","Balticina",NA,"sea pen","Genus",146534,"Cnidaria","Octocorallia",NA,"Scleralcyonacea",NA,"Balticinidae",NA,"Balticina",NA,NA,NA,"Gray, 1870","Gondul | Halipteris | Lygomorpha | Microptilum | Norticina | Osteocella | Pavonaria | Pavonaria (Verrillia) | Rakollikeria | Stichoptilum | Verrillia"
2,"Halipteris sp.","Balticina",NA,"sea pen","Genus",146534,"Cnidaria","Octocorallia",NA,"Scleralcyonacea",NA,"Balticinidae",NA,"Balticina",NA,NA,NA,"Gray, 1870","Gondul | Halipteris | Lygomorpha | Microptilum | Norticina | Osteocella | Pavonaria | Pavonaria (Verrillia) | Rakollikeria | Stichoptilum | Verrillia"
3,"Halipteris sp.","Balticina",NA,"sea pen","Genus",146534,"Cnidaria","Octocorallia",NA,"Scleralcyonacea",NA,"Balticinidae",NA,"Balticina",NA,NA,NA,"Gray, 1870","Gondul | Halipteris | Lygomorpha | Microptilum | Norticina | Osteocella | Pavonaria | Pavonaria (Verrillia) | Rakollikeria | Stichoptilum | Verrillia"
4,"Halipteris willemoesi","Balticina willemoesi",NA,"sea pen","Species",1393616,"Cnidaria","Octocorallia",NA,"Scleralcyonacea",NA,"Balticinidae",NA,"Balticina",NA,"willemoesi",NA,"(Kölliker, 1880)","Balticina septentrionalis | Halipteris septentrionalis | Halipteris willemoesi | Microptilum willemoesi | Osteocella cliftoni | Osteocella septentrionalis | Pavonaria (Verrillia) blakei | Pavonaria dofleini | Pavonaria willemoesi | Verrillia blakei"
5,"Halipteris willemoesi","Balticina willemoesi",NA,"sea pen","Species",1393616,"Cnidaria","Octocorallia",NA,"Scleralcyonacea",NA,"Balticinidae",NA,"Balticina",NA,"willemoesi",NA,"(Kölliker, 1880)","Balticina septentrionalis | Halipteris septentrionalis | Halipteris willemoesi | Microptilum willemoesi | Osteocella cliftoni | Osteocella septentrionalis | Pavonaria (Verrillia) blakei | Pavonaria dofleini | Pavonaria willemoesi | Verrillia blakei"
6,"Halipteris willemoesi","Balticina willemoesi",NA,"sea pen","Species",1393616,"Cnidaria","Octocorallia",NA,"Scleralcyonacea",NA,"Balticinidae",NA,"Balticina",NA,"willemoesi",NA,"(Kölliker, 1880)","Balticina septentrionalis | Halipteris septentrionalis | Halipteris willemoesi | Microptilum willemoesi | Osteocella cliftoni | Osteocella septentrionalis | Pavonaria (Verrillia) blakei | Pavonaria dofleini | Pavonaria willemoesi | Verrillia blakei"
7,"Upright demosponge","Demospongiae","demosponges | horny sponges","demosponge","Class",164811,"Porifera","Demospongiae",NA,NA,NA,NA,NA,NA,NA,NA,NA,"Sollas, 1885","Ceractinomorpha | Cornacuspongia | Monaxonida | Sclerospongiae | Tetractinomorpha"
8,"Upright demosponge","Demospongiae","demosponges | horny sponges","demosponge","Class",164811,"Porifera","Demospongiae",NA,NA,NA,NA,NA,NA,NA,NA,NA,"Sollas, 1885","Ceractinomorpha | Cornacuspongia | Monaxonida | Sclerospongiae | Tetractinomorpha"
9,"Upright demosponge","Demospongiae","demosponges | horny sponges","demosponge","Class",164811,"Porifera","Demospongiae",NA,NA,NA,NA,NA,NA,NA,NA,NA,"Sollas, 1885","Ceractinomorpha | Cornacuspongia | Monaxonida | Sclerospongiae | Tetractinomorpha"
10,"Halipteris sp.","Balticina",NA,"sea pen","Genus",146534,"Cnidaria","Octocorallia",NA,"Scleralcyonacea",NA,"Balticinidae",NA,"Balticina",NA,NA,NA,"Gray, 1870","Gondul | Halipteris | Lygomorpha | Microptilum | Norticina | Osteocella | Pavonaria | Pavonaria (Verrillia) | Rakollikeria | Stichoptilum | Verrillia"
11,"Halipteris sp.","Balticina",NA,"sea pen","Genus",146534,"Cnidaria","Octocorallia",NA,"Scleralcyonacea",NA,"Balticinidae",NA,"Balticina",NA,NA,NA,"Gray, 1870","Gondul | Halipteris | Lygomorpha | Microptilum | Norticina | Osteocella | Pavonaria | Pavonaria (Verrillia) | Rakollikeria | Stichoptilum | Verrillia"
12,"Halipteris sp.","Balticina",NA,"sea pen","Genus",146534,"Cnidaria","Octocorallia",NA,"Scleralcyonacea",NA,"Balticinidae",NA,"Balticina",NA,NA,NA,"Gray, 1870","Gondul | Halipteris | Lygomorpha | Microptilum | Norticina | Osteocella | Pavonaria | Pavonaria (Verrillia) | Rakollikeria | Stichoptilum | Verrillia"
13,"Halipteris sp.","Balticina",NA,"sea pen","Genus",146534,"Cnidaria","Octocorallia",NA,"Scleralcyonacea",NA,"Balticinidae",NA,"Balticina",NA,NA,NA,"Gray, 1870","Gondul | Halipteris | Lygomorpha | Microptilum | Norticina | Osteocella | Pavonaria | Pavonaria (Verrillia) | Rakollikeria | Stichoptilum | Verrillia"
14,"Stylasteridae","Stylasteridae","lace corals | sylasterine hydrocorals","lace coral","Family",22805,"Cnidaria","Hydrozoa","Hydroidolina","Anthoathecata","Filifera","Stylasteridae",NA,NA,NA,NA,NA,"Gray, 1847","Adeloporinae | Distichoporinae | Errininae | Errininae | Stylasterinae"
15,"Stylasteridae","Stylasteridae","lace corals | sylasterine hydrocorals","lace coral","Family",22805,"Cnidaria","Hydrozoa","Hydroidolina","Anthoathecata","Filifera","Stylasteridae",NA,NA,NA,NA,NA,"Gray, 1847","Adeloporinae | Distichoporinae | Errininae | Errininae | Stylasterinae"
16,"Stylasteridae","Stylasteridae","lace corals | sylasterine hydrocorals","lace coral","Family",22805,"Cnidaria","Hydrozoa","Hydroidolina","Anthoathecata","Filifera","Stylasteridae",NA,NA,NA,NA,NA,"Gray, 1847","Adeloporinae | Distichoporinae | Errininae | Errininae | Stylasterinae"
17,"Stylasteridae","Stylasteridae","lace corals | sylasterine hydrocorals","lace coral","Family",22805,"Cnidaria","Hydrozoa","Hydroidolina","Anthoathecata","Filifera","Stylasteridae",NA,NA,NA,NA,NA,"Gray, 1847","Adeloporinae | Distichoporinae | Errininae | Errininae | Stylasterinae"
18,"Upright demosponge","Demospongiae","demosponges | horny sponges","demosponge","Class",164811,"Porifera","Demospongiae",NA,NA,NA,NA,NA,NA,NA,NA,NA,"Sollas, 1885","Ceractinomorpha | Cornacuspongia | Monaxonida | Sclerospongiae | Tetractinomorpha"
19,"Upright demosponge","Demospongiae","demosponges | horny sponges","demosponge","Class",164811,"Porifera","Demospongiae",NA,NA,NA,NA,NA,NA,NA,NA,NA,"Sollas, 1885","Ceractinomorpha | Cornacuspongia | Monaxonida | Sclerospongiae | Tetractinomorpha"
20,"Upright demosponge","Demospongiae","demosponges | horny sponges","demosponge","Class",164811,"Porifera","Demospongiae",NA,NA,NA,NA,NA,NA,NA,NA,NA,"Sollas, 1885","Ceractinomorpha | Cornacuspongia | Monaxonida | Sclerospongiae | Tetractinomorpha"
21,"Upright demosponge","Demospongiae","demosponges | horny sponges","demosponge","Class",164811,"Porifera","Demospongiae",NA,NA,NA,NA,NA,NA,NA,NA,NA,"Sollas, 1885","Ceractinomorpha | Cornacuspongia | Monaxonida | Sclerospongiae | Tetractinomorpha"
22,"Upright hexactinellid","Hexactinellida","glass sponges | hexactinellid sponges","glass sponge","Class",22612,"Porifera","Hexactinellida",NA,NA,NA,NA,NA,NA,NA,NA,NA,"Schmidt, 1870","Hyalospongiae"
23,"Upright hexactinellid","Hexactinellida","glass sponges | hexactinellid sponges","glass sponge","Class",22612,"Porifera","Hexactinellida",NA,NA,NA,NA,NA,NA,NA,NA,NA,"Schmidt, 1870","Hyalospongiae"
24,"Upright hexactinellid","Hexactinellida","glass sponges | hexactinellid sponges","glass sponge","Class",22612,"Porifera","Hexactinellida",NA,NA,NA,NA,NA,NA,NA,NA,NA,"Schmidt, 1870","Hyalospongiae"
25,"Upright hexactinellid","Hexactinellida","glass sponges | hexactinellid sponges","glass sponge","Class",22612,"Porifera","Hexactinellida",NA,NA,NA,NA,NA,NA,NA,NA,NA,"Schmidt, 1870","Hyalospongiae"
26,"Upright demosponge","Demospongiae","demosponges | horny sponges","demosponge","Class",164811,"Porifera","Demospongiae",NA,NA,NA,NA,NA,NA,NA,NA,NA,"Sollas, 1885","Ceractinomorpha | Cornacuspongia | Monaxonida | Sclerospongiae | Tetractinomorpha"
27,"Halipteris sp.","Balticina",NA,"sea pen","Genus",146534,"Cnidaria","Octocorallia",NA,"Scleralcyonacea",NA,"Balticinidae",NA,"Balticina",NA,NA,NA,"Gray, 1870","Gondul | Halipteris | Lygomorpha | Microptilum | Norticina | Osteocella | Pavonaria | Pavonaria (Verrillia) | Rakollikeria | Stichoptilum | Verrillia"
28,"Halipteris sp.","Balticina",NA,"sea pen","Genus",146534,"Cnidaria","Octocorallia",NA,"Scleralcyonacea",NA,"Balticinidae",NA,"Balticina",NA,NA,NA,"Gray, 1870","Gondul | Halipteris | Lygomorpha | Microptilum | Norticina | Osteocella | Pavonaria | Pavonaria (Verrillia) | Rakollikeria | Stichoptilum | Verrillia"
29,"Halipteris willemoesi","Balticina willemoesi",NA,"sea pen","Species",1393616,"Cnidaria","Octocorallia",NA,"Scleralcyonacea",NA,"Balticinidae",NA,"Balticina",NA,"willemoesi",NA,"(Kölliker, 1880)","Balticina septentrionalis | Halipteris septentrionalis | Halipteris willemoesi | Microptilum willemoesi | Osteocella cliftoni | Osteocella septentrionalis | Pavonaria (Verrillia) blakei | Pavonaria dofleini | Pavonaria willemoesi | Verrillia blakei"
30,"Halipteris willemoesi","Balticina willemoesi",NA,"sea pen","Species",1393616,"Cnidaria","Octocorallia",NA,"Scleralcyonacea",NA,"Balticinidae",NA,"Balticina",NA,"willemoesi",NA,"(Kölliker, 1880)","Balticina septentrionalis | Halipteris septentrionalis | Halipteris willemoesi | Microptilum willemoesi | Osteocella cliftoni | Osteocella septentrionalis | Pavonaria (Verrillia) blakei | Pavonaria dofleini | Pavonaria willemoesi | Verrillia blakei"
31,"Pennatulacean","Pennatuloidea",NA,"sea pen","Superfamily",1609360,"Cnidaria","Octocorallia",NA,"Scleralcyonacea",NA,NA,NA,NA,NA,NA,NA,"Ehrenberg, 1834","Pennatulacea | Sessiliflorae | Subselliflorae"
32,"Pennatulacean","Pennatuloidea",NA,"sea pen","Superfamily",1609360,"Cnidaria","Octocorallia",NA,"Scleralcyonacea",NA,NA,NA,NA,NA,NA,NA,"Ehrenberg, 1834","Pennatulacea | Sessiliflorae | Subselliflorae"
33,"Pennatulacean","Pennatuloidea",NA,"sea pen","Superfamily",1609360,"Cnidaria","Octocorallia",NA,"Scleralcyonacea",NA,NA,NA,NA,NA,NA,NA,"Ehrenberg, 1834","Pennatulacea | Sessiliflorae | Subselliflorae"
34,"Primnoidae","Primnoidae","","gorgonian coral","Family",125278,"Cnidaria","Octocorallia",NA,"Scleralcyonacea",NA,"Primnoidae",NA,NA,NA,NA,NA,"Milne Edwards, 1857","armata"
35,"Primnoidae","Primnoidae","","gorgonian coral","Family",125278,"Cnidaria","Octocorallia",NA,"Scleralcyonacea",NA,"Primnoidae",NA,NA,NA,NA,NA,"Milne Edwards, 1857","armata"
36,"Primnoidae","Primnoidae","","gorgonian coral","Family",125278,"Cnidaria","Octocorallia",NA,"Scleralcyonacea",NA,"Primnoidae",NA,NA,NA,NA,NA,"Milne Edwards, 1857","armata"
37,"Upright demosponge","Demospongiae","demosponges | horny sponges","demosponge","Class",164811,"Porifera","Demospongiae",NA,NA,NA,NA,NA,NA,NA,NA,NA,"Sollas, 1885","Ceractinomorpha | Cornacuspongia | Monaxonida | Sclerospongiae | Tetractinomorpha"
38,"Upright demosponge","Demospongiae","demosponges | horny sponges","demosponge","Class",164811,"Porifera","Demospongiae",NA,NA,NA,NA,NA,NA,NA,NA,NA,"Sollas, 1885","Ceractinomorpha | Cornacuspongia | Monaxonida | Sclerospongiae | Tetractinomorpha"
39,"Upright demosponge","Demospongiae","demosponges | horny sponges","demosponge","Class",164811,"Porifera","Demospongiae",NA,NA,NA,NA,NA,NA,NA,NA,NA,"Sollas, 1885","Ceractinomorpha | Cornacuspongia | Monaxonida | Sclerospongiae | Tetractinomorpha"
40,"Primnoidae","Primnoidae","","gorgonian coral","Family",125278,"Cnidaria","Octocorallia",NA,"Scleralcyonacea",NA,"Primnoidae",NA,NA,NA,NA,NA,"Milne Edwards, 1857","armata"
41,"Primnoidae","Primnoidae","","gorgonian coral","Family",125278,"Cnidaria","Octocorallia",NA,"Scleralcyonacea",NA,"Primnoidae",NA,NA,NA,NA,NA,"Milne Edwards, 1857","armata"
42,"Upright demosponge","Demospongiae","demosponges | horny sponges","demosponge","Class",164811,"Porifera","Demospongiae",NA,NA,NA,NA,NA,NA,NA,NA,NA,"Sollas, 1885","Ceractinomorpha | Cornacuspongia | Monaxonida | Sclerospongiae | Tetractinomorpha"
43,"Upright demosponge","Demospongiae","demosponges | horny sponges","demosponge","Class",164811,"Porifera","Demospongiae",NA,NA,NA,NA,NA,NA,NA,NA,NA,"Sollas, 1885","Ceractinomorpha | Cornacuspongia | Monaxonida | Sclerospongiae | Tetractinomorpha"
44,"Upright demosponge","Demospongiae","demosponges | horny sponges","demosponge","Class",164811,"Porifera","Demospongiae",NA,NA,NA,NA,NA,NA,NA,NA,NA,"Sollas, 1885","Ceractinomorpha | Cornacuspongia | Monaxonida | Sclerospongiae | Tetractinomorpha"
45,"Halipteris sp.","Balticina",NA,"sea pen","Genus",146534,"Cnidaria","Octocorallia",NA,"Scleralcyonacea",NA,"Balticinidae",NA,"Balticina",NA,NA,NA,"Gray, 1870","Gondul | Halipteris | Lygomorpha | Microptilum | Norticina | Osteocella | Pavonaria | Pavonaria (Verrillia) | Rakollikeria | Stichoptilum | Verrillia"
46,"Halipteris sp.","Balticina",NA,"sea pen","Genus",146534,"Cnidaria","Octocorallia",NA,"Scleralcyonacea",NA,"Balticinidae",NA,"Balticina",NA,NA,NA,"Gray, 1870","Gondul | Halipteris | Lygomorpha | Microptilum | Norticina | Osteocella | Pavonaria | Pavonaria (Verrillia) | Rakollikeria | Stichoptilum | Verrillia"
47,"Upright demosponge","Demospongiae","demosponges | horny sponges","demosponge","Class",164811,"Porifera","Demospongiae",NA,NA,NA,NA,NA,NA,NA,NA,NA,"Sollas, 1885","Ceractinomorpha | Cornacuspongia | Monaxonida | Sclerospongiae | Tetractinomorpha"
48,"Upright demosponge","Demospongiae","demosponges | horny sponges","demosponge","Class",164811,"Porifera","Demospongiae",NA,NA,NA,NA,NA,NA,NA,NA,NA,"Sollas, 1885","Ceractinomorpha | Cornacuspongia | Monaxonida | Sclerospongiae | Tetractinomorpha"
49,"Halipteris sp.","Balticina",NA,"sea pen","Genus",146534,"Cnidaria","Octocorallia",NA,"Scleralcyonacea",NA,"Balticinidae",NA,"Balticina",NA,NA,NA,"Gray, 1870","Gondul | Halipteris | Lygomorpha | Microptilum | Norticina | Osteocella | Pavonaria | Pavonaria (Verrillia) | Rakollikeria | Stichoptilum | Verrillia"
50,"Halipteris sp.","Balticina",NA,"sea pen","Genus",146534,"Cnidaria","Octocorallia",NA,"Scleralcyonacea",NA,"Balticinidae",NA,"Balticina",NA,NA,NA,"Gray, 1870","Gondul | Halipteris | Lygomorpha | Microptilum | Norticina | Osteocella | Pavonaria | Pavonaria (Verrillia) | Rakollikeria | Stichoptilum | Verrillia"
51,"Halipteris sp.","Balticina",NA,"sea pen","Genus",146534,"Cnidaria","Octocorallia",NA,"Scleralcyonacea",NA,"Balticinidae",NA,"Balticina",NA,NA,NA,"Gray, 1870","Gondul | Halipteris | Lygomorpha | Microptilum | Norticina | Osteocella | Pavonaria | Pavonaria (Verrillia) | Rakollikeria | Stichoptilum | Verrillia"
52,"Halipteris sp.","Balticina",NA,"sea pen","Genus",146534,"Cnidaria","Octocorallia",NA,"Scleralcyonacea",NA,"Balticinidae",NA,"Balticina",NA,NA,NA,"Gray, 1870","Gondul | Halipteris | Lygomorpha | Microptilum | Norticina | Osteocella | Pavonaria | Pavonaria (Verrillia) | Rakollikeria | Stichoptilum | Verrillia"
53,"Halipteris sp.","Balticina",NA,"sea pen","Genus",146534,"Cnidaria","Octocorallia",NA,"Scleralcyonacea",NA,"Balticinidae",NA,"Balticina",NA,NA,NA,"Gray, 1870","Gondul | Halipteris | Lygomorpha | Microptilum | Norticina | Osteocella | Pavonaria | Pavonaria (Verrillia) | Rakollikeria | Stichoptilum | Verrillia"
54,"Halipteris sp.","Balticina",NA,"sea pen","Genus",146534,"Cnidaria","Octocorallia",NA,"Scleralcyonacea",NA,"Balticinidae",NA,"Balticina",NA,NA,NA,"Gray, 1870","Gondul | Halipteris | Lygomorpha | Microptilum | Norticina | Osteocella | Pavonaria | Pavonaria (Verrillia) | Rakollikeria | Stichoptilum | Verrillia"
55,"Sea pen","Pennatuloidea",NA,"sea pen","Superfamily",1609360,"Cnidaria","Octocorallia",NA,"Scleralcyonacea",NA,NA,NA,NA,NA,NA,NA,"Ehrenberg, 1834","Pennatulacea | Sessiliflorae | Subselliflorae"
56,"Sea pen","Pennatuloidea",NA,"sea pen","Superfamily",1609360,"Cnidaria","Octocorallia",NA,"Scleralcyonacea",NA,NA,NA,NA,NA,NA,NA,"Ehrenberg, 1834","Pennatulacea | Sessiliflorae | Subselliflorae"
57,"Sea pen","Pennatuloidea",NA,"sea pen","Superfamily",1609360,"Cnidaria","Octocorallia",NA,"Scleralcyonacea",NA,NA,NA,NA,NA,NA,NA,"Ehrenberg, 1834","Pennatulacea | Sessiliflorae | Subselliflorae"
58,"Sea pen","Pennatuloidea",NA,"sea pen","Superfamily",1609360,"Cnidaria","Octocorallia",NA,"Scleralcyonacea",NA,NA,NA,NA,NA,NA,NA,"Ehrenberg, 1834","Pennatulacea | Sessiliflorae | Subselliflorae"
59,"Upright demosponge","Demospongiae","demosponges | horny sponges","demosponge","Class",164811,"Porifera","Demospongiae",NA,NA,NA,NA,NA,NA,NA,NA,NA,"Sollas, 1885","Ceractinomorpha | Cornacuspongia | Monaxonida | Sclerospongiae | Tetractinomorpha"
60,"Upright demosponge","Demospongiae","demosponges | horny sponges","demosponge","Class",164811,"Porifera","Demospongiae",NA,NA,NA,NA,NA,NA,NA,NA,NA,"Sollas, 1885","Ceractinomorpha | Cornacuspongia | Monaxonida | Sclerospongiae | Tetractinomorpha"
61,"Upright demosponge","Demospongiae","demosponges | horny sponges","demosponge","Class",164811,"Porifera","Demospongiae",NA,NA,NA,NA,NA,NA,NA,NA,NA,"Sollas, 1885","Ceractinomorpha | Cornacuspongia | Monaxonida | Sclerospongiae | Tetractinomorpha"
62,"Upright demosponge","Demospongiae","demosponges | horny sponges","demosponge","Class",164811,"Porifera","Demospongiae",NA,NA,NA,NA,NA,NA,NA,NA,NA,"Sollas, 1885","Ceractinomorpha | Cornacuspongia | Monaxonida | Sclerospongiae | Tetractinomorpha"
63,"Upright hexactinellid","Hexactinellida","glass sponges | hexactinellid sponges","glass sponge","Class",22612,"Porifera","Hexactinellida",NA,NA,NA,NA,NA,NA,NA,NA,NA,"Schmidt, 1870","Hyalospongiae"
64,"Upright hexactinellid","Hexactinellida","glass sponges | hexactinellid sponges","glass sponge","Class",22612,"Porifera","Hexactinellida",NA,NA,NA,NA,NA,NA,NA,NA,NA,"Schmidt, 1870","Hyalospongiae"
65,"Upright hexactinellid","Hexactinellida","glass sponges | hexactinellid sponges","glass sponge","Class",22612,"Porifera","Hexactinellida",NA,NA,NA,NA,NA,NA,NA,NA,NA,"Schmidt, 1870","Hyalospongiae"
66,"Upright hexactinellid","Hexactinellida","glass sponges | hexactinellid sponges","glass sponge","Class",22612,"Porifera","Hexactinellida",NA,NA,NA,NA,NA,NA,NA,NA,NA,"Schmidt, 1870","Hyalospongiae"
67,"Halipteris sp.","Balticina",NA,"sea pen","Genus",146534,"Cnidaria","Octocorallia",NA,"Scleralcyonacea",NA,"Balticinidae",NA,"Balticina",NA,NA,NA,"Gray, 1870","Gondul | Halipteris | Lygomorpha | Microptilum | Norticina | Osteocella | Pavonaria | Pavonaria (Verrillia) | Rakollikeria | Stichoptilum | Verrillia"
68,"Upright demosponge","Demospongiae","demosponges | horny sponges","demosponge","Class",164811,"Porifera","Demospongiae",NA,NA,NA,NA,NA,NA,NA,NA,NA,"Sollas, 1885","Ceractinomorpha | Cornacuspongia | Monaxonida | Sclerospongiae | Tetractinomorpha"
69,"Upright demosponge","Demospongiae","demosponges | horny sponges","demosponge","Class",164811,"Porifera","Demospongiae",NA,NA,NA,NA,NA,NA,NA,NA,NA,"Sollas, 1885","Ceractinomorpha | Cornacuspongia | Monaxonida | Sclerospongiae | Tetractinomorpha"
70,"Upright demosponge","Demospongiae","demosponges | horny sponges","demosponge","Class",164811,"Porifera","Demospongiae",NA,NA,NA,NA,NA,NA,NA,NA,NA,"Sollas, 1885","Ceractinomorpha | Cornacuspongia | Monaxonida | Sclerospongiae | Tetractinomorpha"
71,"Upright demosponge","Demospongiae","demosponges | horny sponges","demosponge","Class",164811,"Porifera","Demospongiae",NA,NA,NA,NA,NA,NA,NA,NA,NA,"Sollas, 1885","Ceractinomorpha | Cornacuspongia | Monaxonida | Sclerospongiae | Tetractinomorpha"
72,"Upright hexactinellid","Hexactinellida","glass sponges | hexactinellid sponges","glass sponge","Class",22612,"Porifera","Hexactinellida",NA,NA,NA,NA,NA,NA,NA,NA,NA,"Schmidt, 1870","Hyalospongiae"
73,"Upright hexactinellid","Hexactinellida","glass sponges | hexactinellid sponges","glass sponge","Class",22612,"Porifera","Hexactinellida",NA,NA,NA,NA,NA,NA,NA,NA,NA,"Schmidt, 1870","Hyalospongiae"
74,"Stylasteridae","Stylasteridae","lace corals | sylasterine hydrocorals","lace coral","Family",22805,"Cnidaria","Hydrozoa","Hydroidolina","Anthoathecata","Filifera","Stylasteridae",NA,NA,NA,NA,NA,"Gray, 1847","Adeloporinae | Distichoporinae | Errininae | Errininae | Stylasterinae"
75,"Stylasteridae","Stylasteridae","lace corals | sylasterine hydrocorals","lace coral","Family",22805,"Cnidaria","Hydrozoa","Hydroidolina","Anthoathecata","Filifera","Stylasteridae",NA,NA,NA,NA,NA,"Gray, 1847","Adeloporinae | Distichoporinae | Errininae | Errininae | Stylasterinae"
76,"Stylasteridae","Stylasteridae","lace corals | sylasterine hydrocorals","lace coral","Family",22805,"Cnidaria","Hydrozoa","Hydroidolina","Anthoathecata","Filifera","Stylasteridae",NA,NA,NA,NA,NA,"Gray, 1847","Adeloporinae | Distichoporinae | Errininae | Errininae | Stylasterinae"
77,"Upright calcarea","Calcarea","calcareous sponges","calcareous sponge","Class",559,"Porifera","Calcarea",NA,NA,NA,NA,NA,NA,NA,NA,NA,"Bowerbank, 1862","Calcispongia | Calcispongiae"
78,"Upright calcarea","Calcarea","calcareous sponges","calcareous sponge","Class",559,"Porifera","Calcarea",NA,NA,NA,NA,NA,NA,NA,NA,NA,"Bowerbank, 1862","Calcispongia | Calcispongiae"
79,"Upright calcarea","Calcarea","calcareous sponges","calcareous sponge","Class",559,"Porifera","Calcarea",NA,NA,NA,NA,NA,NA,NA,NA,NA,"Bowerbank, 1862","Calcispongia | Calcispongiae"
80,"Upright demosponge","Demospongiae","demosponges | horny sponges","demosponge","Class",164811,"Porifera","Demospongiae",NA,NA,NA,NA,NA,NA,NA,NA,NA,"Sollas, 1885","Ceractinomorpha | Cornacuspongia | Monaxonida | Sclerospongiae | Tetractinomorpha"
81,"Upright demosponge","Demospongiae","demosponges | horny sponges","demosponge","Class",164811,"Porifera","Demospongiae",NA,NA,NA,NA,NA,NA,NA,NA,NA,"Sollas, 1885","Ceractinomorpha | Cornacuspongia | Monaxonida | Sclerospongiae | Tetractinomorpha"
82,"Upright demosponge","Demospongiae","demosponges | horny sponges","demosponge","Class",164811,"Porifera","Demospongiae",NA,NA,NA,NA,NA,NA,NA,NA,NA,"Sollas, 1885","Ceractinomorpha | Cornacuspongia | Monaxonida | Sclerospongiae | Tetractinomorpha"
83,"Pennatulacean","Pennatuloidea",NA,"sea pen","Superfamily",1609360,"Cnidaria","Octocorallia",NA,"Scleralcyonacea",NA,NA,NA,NA,NA,NA,NA,"Ehrenberg, 1834","Pennatulacea | Sessiliflorae | Subselliflorae"
84,"Pennatulacean","Pennatuloidea",NA,"sea pen","Superfamily",1609360,"Cnidaria","Octocorallia",NA,"Scleralcyonacea",NA,NA,NA,NA,NA,NA,NA,"Ehrenberg, 1834","Pennatulacea | Sessiliflorae | Subselliflorae"
85,"Sea pen","Pennatuloidea",NA,"sea pen","Superfamily",1609360,"Cnidaria","Octocorallia",NA,"Scleralcyonacea",NA,NA,NA,NA,NA,NA,NA,"Ehrenberg, 1834","Pennatulacea | Sessiliflorae | Subselliflorae"
86,"Sea pen","Pennatuloidea",NA,"sea pen","Superfamily",1609360,"Cnidaria","Octocorallia",NA,"Scleralcyonacea",NA,NA,NA,NA,NA,NA,NA,"Ehrenberg, 1834","Pennatulacea | Sessiliflorae | Subselliflorae"
87,"Sea pen","Pennatuloidea",NA,"sea pen","Superfamily",1609360,"Cnidaria","Octocorallia",NA,"Scleralcyonacea",NA,NA,NA,NA,NA,NA,NA,"Ehrenberg, 1834","Pennatulacea | Sessiliflorae | Subselliflorae"
88,"Sea pen","Pennatuloidea",NA,"sea pen","Superfamily",1609360,"Cnidaria","Octocorallia",NA,"Scleralcyonacea",NA,NA,NA,NA,NA,NA,NA,"Ehrenberg, 1834","Pennatulacea | Sessiliflorae | Subselliflorae"
89,"Upright demosponge","Demospongiae","demosponges | horny sponges","demosponge","Class",164811,"Porifera","Demospongiae",NA,NA,NA,NA,NA,NA,NA,NA,NA,"Sollas, 1885","Ceractinomorpha | Cornacuspongia | Monaxonida | Sclerospongiae | Tetractinomorpha"
90,"Upright demosponge","Demospongiae","demosponges | horny sponges","demosponge","Class",164811,"Porifera","Demospongiae",NA,NA,NA,NA,NA,NA,NA,NA,NA,"Sollas, 1885","Ceractinomorpha | Cornacuspongia | Monaxonida | Sclerospongiae | Tetractinomorpha"
91,"Sea pen","Pennatuloidea",NA,"sea pen","Superfamily",1609360,"Cnidaria","Octocorallia",NA,"Scleralcyonacea",NA,NA,NA,NA,NA,NA,NA,"Ehrenberg, 1834","Pennatulacea | Sessiliflorae | Subselliflorae"
92,"Upright demosponge","Demospongiae","demosponges | horny sponges","demosponge","Class",164811,"Porifera","Demospongiae",NA,NA,NA,NA,NA,NA,NA,NA,NA,"Sollas, 1885","Ceractinomorpha | Cornacuspongia | Monaxonida | Sclerospongiae | Tetractinomorpha"
93,"Halipteris sp.","Balticina",NA,"sea pen","Genus",146534,"Cnidaria","Octocorallia",NA,"Scleralcyonacea",NA,"Balticinidae",NA,"Balticina",NA,NA,NA,"Gray, 1870","Gondul | Halipteris | Lygomorpha | Microptilum | Norticina | Osteocella | Pavonaria | Pavonaria (Verrillia) | Rakollikeria | Stichoptilum | Verrillia"
94,"Halipteris sp.","Balticina",NA,"sea pen","Genus",146534,"Cnidaria","Octocorallia",NA,"Scleralcyonacea",NA,"Balticinidae",NA,"Balticina",NA,NA,NA,"Gray, 1870","Gondul | Halipteris | Lygomorpha | Microptilum | Norticina | Osteocella | Pavonaria | Pavonaria (Verrillia) | Rakollikeria | Stichoptilum | Verrillia"
95,"Halipteris willemoesi","Balticina willemoesi",NA,"sea pen","Species",1393616,"Cnidaria","Octocorallia",NA,"Scleralcyonacea",NA,"Balticinidae",NA,"Balticina",NA,"willemoesi",NA,"(Kölliker, 1880)","Balticina septentrionalis | Halipteris septentrionalis | Halipteris willemoesi | Microptilum willemoesi | Osteocella cliftoni | Osteocella septentrionalis | Pavonaria (Verrillia) blakei | Pavonaria dofleini | Pavonaria willemoesi | Verrillia blakei"
96,"Halipteris willemoesi","Balticina willemoesi",NA,"sea pen","Species",1393616,"Cnidaria","Octocorallia",NA,"Scleralcyonacea",NA,"Balticinidae",NA,"Balticina",NA,"willemoesi",NA,"(Kölliker, 1880)","Balticina septentrionalis | Halipteris septentrionalis | Halipteris willemoesi | Microptilum willemoesi | Osteocella cliftoni | Osteocella septentrionalis | Pavonaria (Verrillia) blakei | Pavonaria dofleini | Pavonaria willemoesi | Verrillia blakei"
97,"Halipteris willemoesi","Balticina willemoesi",NA,"sea pen","Species",1393616,"Cnidaria","Octocorallia",NA,"Scleralcyonacea",NA,"Balticinidae",NA,"Balticina",NA,"willemoesi",NA,"(Kölliker, 1880)","Balticina septentrionalis | Halipteris septentrionalis | Halipteris willemoesi | Microptilum willemoesi | Osteocella cliftoni | Osteocella septentrionalis | Pavonaria (Verrillia) blakei | Pavonaria dofleini | Pavonaria willemoesi | Verrillia blakei"
98,"Halipteris sp.","Balticina",NA,"sea pen","Genus",146534,"Cnidaria","Octocorallia",NA,"Scleralcyonacea",NA,"Balticinidae",NA,"Balticina",NA,NA,NA,"Gray, 1870","Gondul | Halipteris | Lygomorpha | Microptilum | Norticina | Osteocella | Pavonaria | Pavonaria (Verrillia) | Rakollikeria | Stichoptilum | Verrillia"
99,"Halipteris sp.","Balticina",NA,"sea pen","Genus",146534,"Cnidaria","Octocorallia",NA,"Scleralcyonacea",NA,"Balticinidae",NA,"Balticina",NA,NA,NA,"Gray, 1870","Gondul | Halipteris | Lygomorpha | Microptilum | Norticina | Osteocella | Pavonaria | Pavonaria (Verrillia) | Rakollikeria | Stichoptilum | Verrillia"
100,"Halipteris willemoesi","Balticina willemoesi",NA,"sea pen","Species",1393616,"Cnidaria","Octocorallia",NA,"Scleralcyonacea",NA,"Balticinidae",NA,"Balticina",NA,"willemoesi",NA,"(Kölliker, 1880)","Balticina septentrionalis | Halipteris septentrionalis | Halipteris willemoesi | Microptilum willemoesi | Osteocella cliftoni | Osteocella septentrionalis | Pavonaria (Verrillia) blakei | Pavonaria dofleini | Pavonaria willemoesi | Verrillia blakei"
101,"Halipteris willemoesi","Balticina willemoesi",NA,"sea pen","Species",1393616,"Cnidaria","Octocorallia",NA,"Scleralcyonacea",NA,"Balticinidae",NA,"Balticina",NA,"willemoesi",NA,"(Kölliker, 1880)","Balticina septentrionalis | Halipteris septentrionalis | Halipteris willemoesi | Microptilum willemoesi | Osteocella cliftoni | Osteocella septentrionalis | Pavonaria (Verrillia) blakei | Pavonaria dofleini | Pavonaria willemoesi | Verrillia blakei"
102,"Halipteris sp.","Balticina",NA,"sea pen","Genus",146534,"Cnidaria","Octocorallia",NA,"Scleralcyonacea",NA,"Balticinidae",NA,"Balticina",NA,NA,NA,"Gray, 1870","Gondul | Halipteris | Lygomorpha | Microptilum | Norticina | Osteocella | Pavonaria | Pavonaria (Verrillia) | Rakollikeria | Stichoptilum | Verrillia"
103,"Halipteris sp.","Balticina",NA,"sea pen","Genus",146534,"Cnidaria","Octocorallia",NA,"Scleralcyonacea",NA,"Balticinidae",NA,"Balticina",NA,NA,NA,"Gray, 1870","Gondul | Halipteris | Lygomorpha | Microptilum | Norticina | Osteocella | Pavonaria | Pavonaria (Verrillia) | Rakollikeria | Stichoptilum | Verrillia"
104,"Halipteris sp.","Balticina",NA,"sea pen","Genus",146534,"Cnidaria","Octocorallia",NA,"Scleralcyonacea",NA,"Balticinidae",NA,"Balticina",NA,NA,NA,"Gray, 1870","Gondul | Halipteris | Lygomorpha | Microptilum | Norticina | Osteocella | Pavonaria | Pavonaria (Verrillia) | Rakollikeria | Stichoptilum | Verrillia"
105,"Halipteris sp.","Balticina",NA,"sea pen","Genus",146534,"Cnidaria","Octocorallia",NA,"Scleralcyonacea",NA,"Balticinidae",NA,"Balticina",NA,NA,NA,"Gray, 1870","Gondul | Halipteris | Lygomorpha | Microptilum | Norticina | Osteocella | Pavonaria | Pavonaria (Verrillia) | Rakollikeria | Stichoptilum | Verrillia"
106,"Halipteris willemoesi","Balticina willemoesi",NA,"sea pen","Species",1393616,"Cnidaria","Octocorallia",NA,"Scleralcyonacea",NA,"Balticinidae",NA,"Balticina",NA,"willemoesi",NA,"(Kölliker, 1880)","Balticina septentrionalis | Halipteris septentrionalis | Halipteris willemoesi | Microptilum willemoesi | Osteocella cliftoni | Osteocella septentrionalis | Pavonaria (Verrillia) blakei | Pavonaria dofleini | Pavonaria willemoesi | Verrillia blakei"
107,"Halipteris willemoesi","Balticina willemoesi",NA,"sea pen","Species",1393616,"Cnidaria","Octocorallia",NA,"Scleralcyonacea",NA,"Balticinidae",NA,"Balticina",NA,"willemoesi",NA,"(Kölliker, 1880)","Balticina septentrionalis | Halipteris septentrionalis | Halipteris willemoesi | Microptilum willemoesi | Osteocella cliftoni | Osteocella septentrionalis | Pavonaria (Verrillia) blakei | Pavonaria dofleini | Pavonaria willemoesi | Verrillia blakei"
108,"Halipteris willemoesi","Balticina willemoesi",NA,"sea pen","Species",1393616,"Cnidaria","Octocorallia",NA,"Scleralcyonacea",NA,"Balticinidae",NA,"Balticina",NA,"willemoesi",NA,"(Kölliker, 1880)","Balticina septentrionalis | Halipteris septentrionalis | Halipteris willemoesi | Microptilum willemoesi | Osteocella cliftoni | Osteocella septentrionalis | Pavonaria (Verrillia) blakei | Pavonaria dofleini | Pavonaria willemoesi | Verrillia blakei"
109,"Halipteris willemoesi","Balticina willemoesi",NA,"sea pen","Species",1393616,"Cnidaria","Octocorallia",NA,"Scleralcyonacea",NA,"Balticinidae",NA,"Balticina",NA,"willemoesi",NA,"(Kölliker, 1880)","Balticina septentrionalis | Halipteris septentrionalis | Halipteris willemoesi | Microptilum willemoesi | Osteocella cliftoni | Osteocella septentrionalis | Pavonaria (Verrillia) blakei | Pavonaria dofleini | Pavonaria willemoesi | Verrillia blakei"
110,"Sea pen","Pennatuloidea",NA,"sea pen","Superfamily",1609360,"Cnidaria","Octocorallia",NA,"Scleralcyonacea",NA,NA,NA,NA,NA,NA,NA,"Ehrenberg, 1834","Pennatulacea | Sessiliflorae | Subselliflorae"
111,"Sea pen","Pennatuloidea",NA,"sea pen","Superfamily",1609360,"Cnidaria","Octocorallia",NA,"Scleralcyonacea",NA,NA,NA,NA,NA,NA,NA,"Ehrenberg, 1834","Pennatulacea | Sessiliflorae | Subselliflorae"
112,"Sea pen","Pennatuloidea",NA,"sea pen","Superfamily",1609360,"Cnidaria","Octocorallia",NA,"Scleralcyonacea",NA,NA,NA,NA,NA,NA,NA,"Ehrenberg, 1834","Pennatulacea | Sessiliflorae | Subselliflorae"
113,"Sea pen","Pennatuloidea",NA,"sea pen","Superfamily",1609360,"Cnidaria","Octocorallia",NA,"Scleralcyonacea",NA,NA,NA,NA,NA,NA,NA,"Ehrenberg, 1834","Pennatulacea | Sessiliflorae | Subselliflorae"
114,"Upright demosponge","Demospongiae","demosponges | horny sponges","demosponge","Class",164811,"Porifera","Demospongiae",NA,NA,NA,NA,NA,NA,NA,NA,NA,"Sollas, 1885","Ceractinomorpha | Cornacuspongia | Monaxonida | Sclerospongiae | Tetractinomorpha"
115,"Upright demosponge","Demospongiae","demosponges | horny sponges","demosponge","Class",164811,"Porifera","Demospongiae",NA,NA,NA,NA,NA,NA,NA,NA,NA,"Sollas, 1885","Ceractinomorpha | Cornacuspongia | Monaxonida | Sclerospongiae | Tetractinomorpha"
116,"Upright demosponge","Demospongiae","demosponges | horny sponges","demosponge","Class",164811,"Porifera","Demospongiae",NA,NA,NA,NA,NA,NA,NA,NA,NA,"Sollas, 1885","Ceractinomorpha | Cornacuspongia | Monaxonida | Sclerospongiae | Tetractinomorpha"
117,"Upright demosponge","Demospongiae","demosponges | horny sponges","demosponge","Class",164811,"Porifera","Demospongiae",NA,NA,NA,NA,NA,NA,NA,NA,NA,"Sollas, 1885","Ceractinomorpha | Cornacuspongia | Monaxonida | Sclerospongiae | Tetractinomorpha"
118,"Halipteris sp.","Balticina",NA,"sea pen","Genus",146534,"Cnidaria","Octocorallia",NA,"Scleralcyonacea",NA,"Balticinidae",NA,"Balticina",NA,NA,NA,"Gray, 1870","Gondul | Halipteris | Lygomorpha | Microptilum | Norticina | Osteocella | Pavonaria | Pavonaria (Verrillia) | Rakollikeria | Stichoptilum | Verrillia"
119,"Halipteris sp.","Balticina",NA,"sea pen","Genus",146534,"Cnidaria","Octocorallia",NA,"Scleralcyonacea",NA,"Balticinidae",NA,"Balticina",NA,NA,NA,"Gray, 1870","Gondul | Halipteris | Lygomorpha | Microptilum | Norticina | Osteocella | Pavonaria | Pavonaria (Verrillia) | Rakollikeria | Stichoptilum | Verrillia"
120,"Halipteris sp.","Balticina",NA,"sea pen","Genus",146534,"Cnidaria","Octocorallia",NA,"Scleralcyonacea",NA,"Balticinidae",NA,"Balticina",NA,NA,NA,"Gray, 1870","Gondul | Halipteris | Lygomorpha | Microptilum | Norticina | Osteocella | Pavonaria | Pavonaria (Verrillia) | Rakollikeria | Stichoptilum | Verrillia"
121,"Halipteris willemoesi","Balticina willemoesi",NA,"sea pen","Species",1393616,"Cnidaria","Octocorallia",NA,"Scleralcyonacea",NA,"Balticinidae",NA,"Balticina",NA,"willemoesi",NA,"(Kölliker, 1880)","Balticina septentrionalis | Halipteris septentrionalis | Halipteris willemoesi | Microptilum willemoesi | Osteocella cliftoni | Osteocella septentrionalis | Pavonaria (Verrillia) blakei | Pavonaria dofleini | Pavonaria willemoesi | Verrillia blakei"
122,"Halipteris willemoesi","Balticina willemoesi",NA,"sea pen","Species",1393616,"Cnidaria","Octocorallia",NA,"Scleralcyonacea",NA,"Balticinidae",NA,"Balticina",NA,"willemoesi",NA,"(Kölliker, 1880)","Balticina septentrionalis | Halipteris septentrionalis | Halipteris willemoesi | Microptilum willemoesi | Osteocella cliftoni | Osteocella septentrionalis | Pavonaria (Verrillia) blakei | Pavonaria dofleini | Pavonaria willemoesi | Verrillia blakei"
123,"Halipteris willemoesi","Balticina willemoesi",NA,"sea pen","Species",1393616,"Cnidaria","Octocorallia",NA,"Scleralcyonacea",NA,"Balticinidae",NA,"Balticina",NA,"willemoesi",NA,"(Kölliker, 1880)","Balticina septentrionalis | Halipteris septentrionalis | Halipteris willemoesi | Microptilum willemoesi | Osteocella cliftoni | Osteocella septentrionalis | Pavonaria (Verrillia) blakei | Pavonaria dofleini | Pavonaria willemoesi | Verrillia blakei"
124,"Upright demosponge","Demospongiae","demosponges | horny sponges","demosponge","Class",164811,"Porifera","Demospongiae",NA,NA,NA,NA,NA,NA,NA,NA,NA,"Sollas, 1885","Ceractinomorpha | Cornacuspongia | Monaxonida | Sclerospongiae | Tetractinomorpha"
125,"Upright demosponge","Demospongiae","demosponges | horny sponges","demosponge","Class",164811,"Porifera","Demospongiae",NA,NA,NA,NA,NA,NA,NA,NA,NA,"Sollas, 1885","Ceractinomorpha | Cornacuspongia | Monaxonida | Sclerospongiae | Tetractinomorpha"
126,"Upright demosponge","Demospongiae","demosponges | horny sponges","demosponge","Class",164811,"Porifera","Demospongiae",NA,NA,NA,NA,NA,NA,NA,NA,NA,"Sollas, 1885","Ceractinomorpha | Cornacuspongia | Monaxonida | Sclerospongiae | Tetractinomorpha"
127,"Halipteris sp.","Balticina",NA,"sea pen","Genus",146534,"Cnidaria","Octocorallia",NA,"Scleralcyonacea",NA,"Balticinidae",NA,"Balticina",NA,NA,NA,"Gray, 1870","Gondul | Halipteris | Lygomorpha | Microptilum | Norticina | Osteocella | Pavonaria | Pavonaria (Verrillia) | Rakollikeria | Stichoptilum | Verrillia"
128,"Halipteris sp.","Balticina",NA,"sea pen","Genus",146534,"Cnidaria","Octocorallia",NA,"Scleralcyonacea",NA,"Balticinidae",NA,"Balticina",NA,NA,NA,"Gray, 1870","Gondul | Halipteris | Lygomorpha | Microptilum | Norticina | Osteocella | Pavonaria | Pavonaria (Verrillia) | Rakollikeria | Stichoptilum | Verrillia"
129,"Halipteris sp.","Balticina",NA,"sea pen","Genus",146534,"Cnidaria","Octocorallia",NA,"Scleralcyonacea",NA,"Balticinidae",NA,"Balticina",NA,NA,NA,"Gray, 1870","Gondul | Halipteris | Lygomorpha | Microptilum | Norticina | Osteocella | Pavonaria | Pavonaria (Verrillia) | Rakollikeria | Stichoptilum | Verrillia"
130,"Halipteris sp.","Balticina",NA,"sea pen","Genus",146534,"Cnidaria","Octocorallia",NA,"Scleralcyonacea",NA,"Balticinidae",NA,"Balticina",NA,NA,NA,"Gray, 1870","Gondul | Halipteris | Lygomorpha | Microptilum | Norticina | Osteocella | Pavonaria | Pavonaria (Verrillia) | Rakollikeria | Stichoptilum | Verrillia"
131,"Halipteris sp.","Balticina",NA,"sea pen","Genus",146534,"Cnidaria","Octocorallia",NA,"Scleralcyonacea",NA,"Balticinidae",NA,"Balticina",NA,NA,NA,"Gray, 1870","Gondul | Halipteris | Lygomorpha | Microptilum | Norticina | Osteocella | Pavonaria | Pavonaria (Verrillia) | Rakollikeria | Stichoptilum | Verrillia"
132,"Halipteris willemoesi","Balticina willemoesi",NA,"sea pen","Species",1393616,"Cnidaria","Octocorallia",NA,"Scleralcyonacea",NA,"Balticinidae",NA,"Balticina",NA,"willemoesi",NA,"(Kölliker, 1880)","Balticina septentrionalis | Halipteris septentrionalis | Halipteris willemoesi | Microptilum willemoesi | Osteocella cliftoni | Osteocella septentrionalis | Pavonaria (Verrillia) blakei | Pavonaria dofleini | Pavonaria willemoesi | Verrillia blakei"
133,"Halipteris willemoesi","Balticina willemoesi",NA,"sea pen","Species",1393616,"Cnidaria","Octocorallia",NA,"Scleralcyonacea",NA,"Balticinidae",NA,"Balticina",NA,"willemoesi",NA,"(Kölliker, 1880)","Balticina septentrionalis | Halipteris septentrionalis | Halipteris willemoesi | Microptilum willemoesi | Osteocella cliftoni | Osteocella septentrionalis | Pavonaria (Verrillia) blakei | Pavonaria dofleini | Pavonaria willemoesi | Verrillia blakei"
134,"Halipteris willemoesi","Balticina willemoesi",NA,"sea pen","Species",1393616,"Cnidaria","Octocorallia",NA,"Scleralcyonacea",NA,"Balticinidae",NA,"Balticina",NA,"willemoesi",NA,"(Kölliker, 1880)","Balticina septentrionalis | Halipteris septentrionalis | Halipteris willemoesi | Microptilum willemoesi | Osteocella cliftoni | Osteocella septentrionalis | Pavonaria (Verrillia) blakei | Pavonaria dofleini | Pavonaria willemoesi | Verrillia blakei"
135,"Halipteris willemoesi","Balticina willemoesi",NA,"sea pen","Species",1393616,"Cnidaria","Octocorallia",NA,"Scleralcyonacea",NA,"Balticinidae",NA,"Balticina",NA,"willemoesi",NA,"(Kölliker, 1880)","Balticina septentrionalis | Halipteris septentrionalis | Halipteris willemoesi | Microptilum willemoesi | Osteocella cliftoni | Osteocella septentrionalis | Pavonaria (Verrillia) blakei | Pavonaria dofleini | Pavonaria willemoesi | Verrillia blakei"
136,"Halipteris willemoesi","Balticina willemoesi",NA,"sea pen","Species",1393616,"Cnidaria","Octocorallia",NA,"Scleralcyonacea",NA,"Balticinidae",NA,"Balticina",NA,"willemoesi",NA,"(Kölliker, 1880)","Balticina septentrionalis | Halipteris septentrionalis | Halipteris willemoesi | Microptilum willemoesi | Osteocella cliftoni | Osteocella septentrionalis | Pavonaria (Verrillia) blakei | Pavonaria dofleini | Pavonaria willemoesi | Verrillia blakei"
137,"Sea pen","Pennatuloidea",NA,"sea pen","Superfamily",1609360,"Cnidaria","Octocorallia",NA,"Scleralcyonacea",NA,NA,NA,NA,NA,NA,NA,"Ehrenberg, 1834","Pennatulacea | Sessiliflorae | Subselliflorae"
138,"Sea pen","Pennatuloidea",NA,"sea pen","Superfamily",1609360,"Cnidaria","Octocorallia",NA,"Scleralcyonacea",NA,NA,NA,NA,NA,NA,NA,"Ehrenberg, 1834","Pennatulacea | Sessiliflorae | Subselliflorae"
139,"Sea pen","Pennatuloidea",NA,"sea pen","Superfamily",1609360,"Cnidaria","Octocorallia",NA,"Scleralcyonacea",NA,NA,NA,NA,NA,NA,NA,"Ehrenberg, 1834","Pennatulacea | Sessiliflorae | Subselliflorae"
140,"Sea pen","Pennatuloidea",NA,"sea pen","Superfamily",1609360,"Cnidaria","Octocorallia",NA,"Scleralcyonacea",NA,NA,NA,NA,NA,NA,NA,"Ehrenberg, 1834","Pennatulacea | Sessiliflorae | Subselliflorae"
141,"Sea pen","Pennatuloidea",NA,"sea pen","Superfamily",1609360,"Cnidaria","Octocorallia",NA,"Scleralcyonacea",NA,NA,NA,NA,NA,NA,NA,"Ehrenberg, 1834","Pennatulacea | Sessiliflorae | Subselliflorae"
142,"Upright demosponge","Demospongiae","demosponges | horny sponges","demosponge","Class",164811,"Porifera","Demospongiae",NA,NA,NA,NA,NA,NA,NA,NA,NA,"Sollas, 1885","Ceractinomorpha | Cornacuspongia | Monaxonida | Sclerospongiae | Tetractinomorpha"
143,"Upright demosponge","Demospongiae","demosponges | horny sponges","demosponge","Class",164811,"Porifera","Demospongiae",NA,NA,NA,NA,NA,NA,NA,NA,NA,"Sollas, 1885","Ceractinomorpha | Cornacuspongia | Monaxonida | Sclerospongiae | Tetractinomorpha"
144,"Upright demosponge","Demospongiae","demosponges | horny sponges","demosponge","Class",164811,"Porifera","Demospongiae",NA,NA,NA,NA,NA,NA,NA,NA,NA,"Sollas, 1885","Ceractinomorpha | Cornacuspongia | Monaxonida | Sclerospongiae | Tetractinomorpha"
145,"Upright demosponge","Demospongiae","demosponges | horny sponges","demosponge","Class",164811,"Porifera","Demospongiae",NA,NA,NA,NA,NA,NA,NA,NA,NA,"Sollas, 1885","Ceractinomorpha | Cornacuspongia | Monaxonida | Sclerospongiae | Tetractinomorpha"
146,"Upright demosponge","Demospongiae","demosponges | horny sponges","demosponge","Class",164811,"Porifera","Demospongiae",NA,NA,NA,NA,NA,NA,NA,NA,NA,"Sollas, 1885","Ceractinomorpha | Cornacuspongia | Monaxonida | Sclerospongiae | Tetractinomorpha"
147,"Upright hexactinellid","Hexactinellida","glass sponges | hexactinellid sponges","glass sponge","Class",22612,"Porifera","Hexactinellida",NA,NA,NA,NA,NA,NA,NA,NA,NA,"Schmidt, 1870","Hyalospongiae"
148,"Upright hexactinellid","Hexactinellida","glass sponges | hexactinellid sponges","glass sponge","Class",22612,"Porifera","Hexactinellida",NA,NA,NA,NA,NA,NA,NA,NA,NA,"Schmidt, 1870","Hyalospongiae"
149,"Upright hexactinellid","Hexactinellida","glass sponges | hexactinellid sponges","glass sponge","Class",22612,"Porifera","Hexactinellida",NA,NA,NA,NA,NA,NA,NA,NA,NA,"Schmidt, 1870","Hyalospongiae"
150,"Upright hexactinellid","Hexactinellida","glass sponges | hexactinellid sponges","glass sponge","Class",22612,"Porifera","Hexactinellida",NA,NA,NA,NA,NA,NA,NA,NA,NA,"Schmidt, 1870","Hyalospongiae"
151,"Upright hexactinellid","Hexactinellida","glass sponges | hexactinellid sponges","glass sponge","Class",22612,"Porifera","Hexactinellida",NA,NA,NA,NA,NA,NA,NA,NA,NA,"Schmidt, 1870","Hyalospongiae"
152,"Upright demosponge","Demospongiae","demosponges | horny sponges","demosponge","Class",164811,"Porifera","Demospongiae",NA,NA,NA,NA,NA,NA,NA,NA,NA,"Sollas, 1885","Ceractinomorpha | Cornacuspongia | Monaxonida | Sclerospongiae | Tetractinomorpha"
153,"Halipteris sp.","Balticina",NA,"sea pen","Genus",146534,"Cnidaria","Octocorallia",NA,"Scleralcyonacea",NA,"Balticinidae",NA,"Balticina",NA,NA,NA,"Gray, 1870","Gondul | Halipteris | Lygomorpha | Microptilum | Norticina | Osteocella | Pavonaria | Pavonaria (Verrillia) | Rakollikeria | Stichoptilum | Verrillia"
154,"Halipteris sp.","Balticina",NA,"sea pen","Genus",146534,"Cnidaria","Octocorallia",NA,"Scleralcyonacea",NA,"Balticinidae",NA,"Balticina",NA,NA,NA,"Gray, 1870","Gondul | Halipteris | Lygomorpha | Microptilum | Norticina | Osteocella | Pavonaria | Pavonaria (Verrillia) | Rakollikeria | Stichoptilum | Verrillia"
155,"Halipteris sp.","Balticina",NA,"sea pen","Genus",146534,"Cnidaria","Octocorallia",NA,"Scleralcyonacea",NA,"Balticinidae",NA,"Balticina",NA,NA,NA,"Gray, 1870","Gondul | Halipteris | Lygomorpha | Microptilum | Norticina | Osteocella | Pavonaria | Pavonaria (Verrillia) | Rakollikeria | Stichoptilum | Verrillia"
156,"Halipteris willemoesi","Balticina willemoesi",NA,"sea pen","Species",1393616,"Cnidaria","Octocorallia",NA,"Scleralcyonacea",NA,"Balticinidae",NA,"Balticina",NA,"willemoesi",NA,"(Kölliker, 1880)","Balticina septentrionalis | Halipteris septentrionalis | Halipteris willemoesi | Microptilum willemoesi | Osteocella cliftoni | Osteocella septentrionalis | Pavonaria (Verrillia) blakei | Pavonaria dofleini | Pavonaria willemoesi | Verrillia blakei"
157,"Halipteris willemoesi","Balticina willemoesi",NA,"sea pen","Species",1393616,"Cnidaria","Octocorallia",NA,"Scleralcyonacea",NA,"Balticinidae",NA,"Balticina",NA,"willemoesi",NA,"(Kölliker, 1880)","Balticina septentrionalis | Halipteris septentrionalis | Halipteris willemoesi | Microptilum willemoesi | Osteocella cliftoni | Osteocella septentrionalis | Pavonaria (Verrillia) blakei | Pavonaria dofleini | Pavonaria willemoesi | Verrillia blakei"
158,"Halipteris willemoesi","Balticina willemoesi",NA,"sea pen","Species",1393616,"Cnidaria","Octocorallia",NA,"Scleralcyonacea",NA,"Balticinidae",NA,"Balticina",NA,"willemoesi",NA,"(Kölliker, 1880)","Balticina septentrionalis | Halipteris septentrionalis | Halipteris willemoesi | Microptilum willemoesi | Osteocella cliftoni | Osteocella septentrionalis | Pavonaria (Verrillia) blakei | Pavonaria dofleini | Pavonaria willemoesi | Verrillia blakei"
159,"Pennatulacean","Pennatuloidea",NA,"sea pen","Superfamily",1609360,"Cnidaria","Octocorallia",NA,"Scleralcyonacea",NA,NA,NA,NA,NA,NA,NA,"Ehrenberg, 1834","Pennatulacea | Sessiliflorae | Subselliflorae"
160,"Pennatulacean","Pennatuloidea",NA,"sea pen","Superfamily",1609360,"Cnidaria","Octocorallia",NA,"Scleralcyonacea",NA,NA,NA,NA,NA,NA,NA,"Ehrenberg, 1834","Pennatulacea | Sessiliflorae | Subselliflorae"
161,"Pennatulacean","Pennatuloidea",NA,"sea pen","Superfamily",1609360,"Cnidaria","Octocorallia",NA,"Scleralcyonacea",NA,NA,NA,NA,NA,NA,NA,"Ehrenberg, 1834","Pennatulacea | Sessiliflorae | Subselliflorae"
162,"Pennatulacean","Pennatuloidea",NA,"sea pen","Superfamily",1609360,"Cnidaria","Octocorallia",NA,"Scleralcyonacea",NA,NA,NA,NA,NA,NA,NA,"Ehrenberg, 1834","Pennatulacea | Sessiliflorae | Subselliflorae"
163,"Halipteris sp.","Balticina",NA,"sea pen","Genus",146534,"Cnidaria","Octocorallia",NA,"Scleralcyonacea",NA,"Balticinidae",NA,"Balticina",NA,NA,NA,"Gray, 1870","Gondul | Halipteris | Lygomorpha | Microptilum | Norticina | Osteocella | Pavonaria | Pavonaria (Verrillia) | Rakollikeria | Stichoptilum | Verrillia"
164,"Halipteris sp.","Balticina",NA,"sea pen","Genus",146534,"Cnidaria","Octocorallia",NA,"Scleralcyonacea",NA,"Balticinidae",NA,"Balticina",NA,NA,NA,"Gray, 1870","Gondul | Halipteris | Lygomorpha | Microptilum | Norticina | Osteocella | Pavonaria | Pavonaria (Verrillia) | Rakollikeria | Stichoptilum | Verrillia"
165,"Halipteris sp.","Balticina",NA,"sea pen","Genus",146534,"Cnidaria","Octocorallia",NA,"Scleralcyonacea",NA,"Balticinidae",NA,"Balticina",NA,NA,NA,"Gray, 1870","Gondul | Halipteris | Lygomorpha | Microptilum | Norticina | Osteocella | Pavonaria | Pavonaria (Verrillia) | Rakollikeria | Stichoptilum | Verrillia"
166,"Halipteris sp.","Balticina",NA,"sea pen","Genus",146534,"Cnidaria","Octocorallia",NA,"Scleralcyonacea",NA,"Balticinidae",NA,"Balticina",NA,NA,NA,"Gray, 1870","Gondul | Halipteris | Lygomorpha | Microptilum | Norticina | Osteocella | Pavonaria | Pavonaria (Verrillia) | Rakollikeria | Stichoptilum | Verrillia"
167,"Halipteris sp.","Balticina",NA,"sea pen","Genus",146534,"Cnidaria","Octocorallia",NA,"Scleralcyonacea",NA,"Balticinidae",NA,"Balticina",NA,NA,NA,"Gray, 1870","Gondul | Halipteris | Lygomorpha | Microptilum | Norticina | Osteocella | Pavonaria | Pavonaria (Verrillia) | Rakollikeria | Stichoptilum | Verrillia"
168,"Halipteris willemoesi","Balticina willemoesi",NA,"sea pen","Species",1393616,"Cnidaria","Octocorallia",NA,"Scleralcyonacea",NA,"Balticinidae",NA,"Balticina",NA,"willemoesi",NA,"(Kölliker, 1880)","Balticina septentrionalis | Halipteris septentrionalis | Halipteris willemoesi | Microptilum willemoesi | Osteocella cliftoni | Osteocella septentrionalis | Pavonaria (Verrillia) blakei | Pavonaria dofleini | Pavonaria willemoesi | Verrillia blakei"
169,"Halipteris willemoesi","Balticina willemoesi",NA,"sea pen","Species",1393616,"Cnidaria","Octocorallia",NA,"Scleralcyonacea",NA,"Balticinidae",NA,"Balticina",NA,"willemoesi",NA,"(Kölliker, 1880)","Balticina septentrionalis | Halipteris septentrionalis | Halipteris willemoesi | Microptilum willemoesi | Osteocella cliftoni | Osteocella septentrionalis | Pavonaria (Verrillia) blakei | Pavonaria dofleini | Pavonaria willemoesi | Verrillia blakei"
170,"Halipteris willemoesi","Balticina willemoesi",NA,"sea pen","Species",1393616,"Cnidaria","Octocorallia",NA,"Scleralcyonacea",NA,"Balticinidae",NA,"Balticina",NA,"willemoesi",NA,"(Kölliker, 1880)","Balticina septentrionalis | Halipteris septentrionalis | Halipteris willemoesi | Microptilum willemoesi | Osteocella cliftoni | Osteocella septentrionalis | Pavonaria (Verrillia) blakei | Pavonaria dofleini | Pavonaria willemoesi | Verrillia blakei"
171,"Halipteris willemoesi","Balticina willemoesi",NA,"sea pen","Species",1393616,"Cnidaria","Octocorallia",NA,"Scleralcyonacea",NA,"Balticinidae",NA,"Balticina",NA,"willemoesi",NA,"(Kölliker, 1880)","Balticina septentrionalis | Halipteris septentrionalis | Halipteris willemoesi | Microptilum willemoesi | Osteocella cliftoni | Osteocella septentrionalis | Pavonaria (Verrillia) blakei | Pavonaria dofleini | Pavonaria willemoesi | Verrillia blakei"
172,"Halipteris willemoesi","Balticina willemoesi",NA,"sea pen","Species",1393616,"Cnidaria","Octocorallia",NA,"Scleralcyonacea",NA,"Balticinidae",NA,"Balticina",NA,"willemoesi",NA,"(Kölliker, 1880)","Balticina septentrionalis | Halipteris septentrionalis | Halipteris willemoesi | Microptilum willemoesi | Osteocella cliftoni | Osteocella septentrionalis | Pavonaria (Verrillia) blakei | Pavonaria dofleini | Pavonaria willemoesi | Verrillia blakei"
173,"Stylasteridae","Stylasteridae","lace corals | sylasterine hydrocorals","lace coral","Family",22805,"Cnidaria","Hydrozoa","Hydroidolina","Anthoathecata","Filifera","Stylasteridae",NA,NA,NA,NA,NA,"Gray, 1847","Adeloporinae | Distichoporinae | Errininae | Errininae | Stylasterinae"
174,"Stylasteridae","Stylasteridae","lace corals | sylasterine hydrocorals","lace coral","Family",22805,"Cnidaria","Hydrozoa","Hydroidolina","Anthoathecata","Filifera","Stylasteridae",NA,NA,NA,NA,NA,"Gray, 1847","Adeloporinae | Distichoporinae | Errininae | Errininae | Stylasterinae"
175,"Stylasteridae","Stylasteridae","lace corals | sylasterine hydrocorals","lace coral","Family",22805,"Cnidaria","Hydrozoa","Hydroidolina","Anthoathecata","Filifera","Stylasteridae",NA,NA,NA,NA,NA,"Gray, 1847","Adeloporinae | Distichoporinae | Errininae | Errininae | Stylasterinae"
176,"Stylasteridae","Stylasteridae","lace corals | sylasterine hydrocorals","lace coral","Family",22805,"Cnidaria","Hydrozoa","Hydroidolina","Anthoathecata","Filifera","Stylasteridae",NA,NA,NA,NA,NA,"Gray, 1847","Adeloporinae | Distichoporinae | Errininae | Errininae | Stylasterinae"
177,"Stylasteridae","Stylasteridae","lace corals | sylasterine hydrocorals","lace coral","Family",22805,"Cnidaria","Hydrozoa","Hydroidolina","Anthoathecata","Filifera","Stylasteridae",NA,NA,NA,NA,NA,"Gray, 1847","Adeloporinae | Distichoporinae | Errininae | Errininae | Stylasterinae"
178,"Upright demosponge","Demospongiae","demosponges | horny sponges","demosponge","Class",164811,"Porifera","Demospongiae",NA,NA,NA,NA,NA,NA,NA,NA,NA,"Sollas, 1885","Ceractinomorpha | Cornacuspongia | Monaxonida | Sclerospongiae | Tetractinomorpha"
179,"Upright demosponge","Demospongiae","demosponges | horny sponges","demosponge","Class",164811,"Porifera","Demospongiae",NA,NA,NA,NA,NA,NA,NA,NA,NA,"Sollas, 1885","Ceractinomorpha | Cornacuspongia | Monaxonida | Sclerospongiae | Tetractinomorpha"
180,"Upright demosponge","Demospongiae","demosponges | horny sponges","demosponge","Class",164811,"Porifera","Demospongiae",NA,NA,NA,NA,NA,NA,NA,NA,NA,"Sollas, 1885","Ceractinomorpha | Cornacuspongia | Monaxonida | Sclerospongiae | Tetractinomorpha"
181,"Upright demosponge","Demospongiae","demosponges | horny sponges","demosponge","Class",164811,"Porifera","Demospongiae",NA,NA,NA,NA,NA,NA,NA,NA,NA,"Sollas, 1885","Ceractinomorpha | Cornacuspongia | Monaxonida | Sclerospongiae | Tetractinomorpha"
182,"Upright demosponge","Demospongiae","demosponges | horny sponges","demosponge","Class",164811,"Porifera","Demospongiae",NA,NA,NA,NA,NA,NA,NA,NA,NA,"Sollas, 1885","Ceractinomorpha | Cornacuspongia | Monaxonida | Sclerospongiae | Tetractinomorpha"
183,"Upright hexactinellid","Hexactinellida","glass sponges | hexactinellid sponges","glass sponge","Class",22612,"Porifera","Hexactinellida",NA,NA,NA,NA,NA,NA,NA,NA,NA,"Schmidt, 1870","Hyalospongiae"
184,"Upright hexactinellid","Hexactinellida","glass sponges | hexactinellid sponges","glass sponge","Class",22612,"Porifera","Hexactinellida",NA,NA,NA,NA,NA,NA,NA,NA,NA,"Schmidt, 1870","Hyalospongiae"
185,"Upright hexactinellid","Hexactinellida","glass sponges | hexactinellid sponges","glass sponge","Class",22612,"Porifera","Hexactinellida",NA,NA,NA,NA,NA,NA,NA,NA,NA,"Schmidt, 1870","Hyalospongiae"
186,"Upright hexactinellid","Hexactinellida","glass sponges | hexactinellid sponges","glass sponge","Class",22612,"Porifera","Hexactinellida",NA,NA,NA,NA,NA,NA,NA,NA,NA,"Schmidt, 1870","Hyalospongiae"
187,"Upright hexactinellid","Hexactinellida","glass sponges | hexactinellid sponges","glass sponge","Class",22612,"Porifera","Hexactinellida",NA,NA,NA,NA,NA,NA,NA,NA,NA,"Schmidt, 1870","Hyalospongiae"
188,"Stylasteridae","Stylasteridae","lace corals | sylasterine hydrocorals","lace coral","Family",22805,"Cnidaria","Hydrozoa","Hydroidolina","Anthoathecata","Filifera","Stylasteridae",NA,NA,NA,NA,NA,"Gray, 1847","Adeloporinae | Distichoporinae | Errininae | Errininae | Stylasterinae"
189,"Stylasteridae","Stylasteridae","lace corals | sylasterine hydrocorals","lace coral","Family",22805,"Cnidaria","Hydrozoa","Hydroidolina","Anthoathecata","Filifera","Stylasteridae",NA,NA,NA,NA,NA,"Gray, 1847","Adeloporinae | Distichoporinae | Errininae | Errininae | Stylasterinae"
190,"Stylasteridae","Stylasteridae","lace corals | sylasterine hydrocorals","lace coral","Family",22805,"Cnidaria","Hydrozoa","Hydroidolina","Anthoathecata","Filifera","Stylasteridae",NA,NA,NA,NA,NA,"Gray, 1847","Adeloporinae | Distichoporinae | Errininae | Errininae | Stylasterinae"
191,"Stylasteridae","Stylasteridae","lace corals | sylasterine hydrocorals","lace coral","Family",22805,"Cnidaria","Hydrozoa","Hydroidolina","Anthoathecata","Filifera","Stylasteridae",NA,NA,NA,NA,NA,"Gray, 1847","Adeloporinae | Distichoporinae | Errininae | Errininae | Stylasterinae"
192,"Upright calcarea","Calcarea","calcareous sponges","calcareous sponge","Class",559,"Porifera","Calcarea",NA,NA,NA,NA,NA,NA,NA,NA,NA,"Bowerbank, 1862","Calcispongia | Calcispongiae"
193,"Upright calcarea","Calcarea","calcareous sponges","calcareous sponge","Class",559,"Porifera","Calcarea",NA,NA,NA,NA,NA,NA,NA,NA,NA,"Bowerbank, 1862","Calcispongia | Calcispongiae"
194,"Upright calcarea","Calcarea","calcareous sponges","calcareous sponge","Class",559,"Porifera","Calcarea",NA,NA,NA,NA,NA,NA,NA,NA,NA,"Bowerbank, 1862","Calcispongia | Calcispongiae"
195,"Upright calcarea","Calcarea","calcareous sponges","calcareous sponge","Class",559,"Porifera","Calcarea",NA,NA,NA,NA,NA,NA,NA,NA,NA,"Bowerbank, 1862","Calcispongia | Calcispongiae"
196,"Upright demosponge","Demospongiae","demosponges | horny sponges","demosponge","Class",164811,"Porifera","Demospongiae",NA,NA,NA,NA,NA,NA,NA,NA,NA,"Sollas, 1885","Ceractinomorpha | Cornacuspongia | Monaxonida | Sclerospongiae | Tetractinomorpha"
197,"Upright demosponge","Demospongiae","demosponges | horny sponges","demosponge","Class",164811,"Porifera","Demospongiae",NA,NA,NA,NA,NA,NA,NA,NA,NA,"Sollas, 1885","Ceractinomorpha | Cornacuspongia | Monaxonida | Sclerospongiae | Tetractinomorpha"
198,"Upright demosponge","Demospongiae","demosponges | horny sponges","demosponge","Class",164811,"Porifera","Demospongiae",NA,NA,NA,NA,NA,NA,NA,NA,NA,"Sollas, 1885","Ceractinomorpha | Cornacuspongia | Monaxonida | Sclerospongiae | Tetractinomorpha"
199,"Upright demosponge","Demospongiae","demosponges | horny sponges","demosponge","Class",164811,"Porifera","Demospongiae",NA,NA,NA,NA,NA,NA,NA,NA,NA,"Sollas, 1885","Ceractinomorpha | Cornacuspongia | Monaxonida | Sclerospongiae | Tetractinomorpha"
200,"Upright hexactinellid","Hexactinellida","glass sponges | hexactinellid sponges","glass sponge","Class",22612,"Porifera","Hexactinellida",NA,NA,NA,NA,NA,NA,NA,NA,NA,"Schmidt, 1870","Hyalospongiae"
201,"Upright hexactinellid","Hexactinellida","glass sponges | hexactinellid sponges","glass sponge","Class",22612,"Porifera","Hexactinellida",NA,NA,NA,NA,NA,NA,NA,NA,NA,"Schmidt, 1870","Hyalospongiae"
202,"Upright hexactinellid","Hexactinellida","glass sponges | hexactinellid sponges","glass sponge","Class",22612,"Porifera","Hexactinellida",NA,NA,NA,NA,NA,NA,NA,NA,NA,"Schmidt, 1870","Hyalospongiae"
203,"Upright hexactinellid","Hexactinellida","glass sponges | hexactinellid sponges","glass sponge","Class",22612,"Porifera","Hexactinellida",NA,NA,NA,NA,NA,NA,NA,NA,NA,"Schmidt, 1870","Hyalospongiae"
204,"Halipteris sp.","Balticina",NA,"sea pen","Genus",146534,"Cnidaria","Octocorallia",NA,"Scleralcyonacea",NA,"Balticinidae",NA,"Balticina",NA,NA,NA,"Gray, 1870","Gondul | Halipteris | Lygomorpha | Microptilum | Norticina | Osteocella | Pavonaria | Pavonaria (Verrillia) | Rakollikeria | Stichoptilum | Verrillia"
205,"Halipteris sp.","Balticina",NA,"sea pen","Genus",146534,"Cnidaria","Octocorallia",NA,"Scleralcyonacea",NA,"Balticinidae",NA,"Balticina",NA,NA,NA,"Gray, 1870","Gondul | Halipteris | Lygomorpha | Microptilum | Norticina | Osteocella | Pavonaria | Pavonaria (Verrillia) | Rakollikeria | Stichoptilum | Verrillia"
206,"Halipteris sp.","Balticina",NA,"sea pen","Genus",146534,"Cnidaria","Octocorallia",NA,"Scleralcyonacea",NA,"Balticinidae",NA,"Balticina",NA,NA,NA,"Gray, 1870","Gondul | Halipteris | Lygomorpha | Microptilum | Norticina | Osteocella | Pavonaria | Pavonaria (Verrillia) | Rakollikeria | Stichoptilum | Verrillia"
207,"Halipteris willemoesi","Balticina willemoesi",NA,"sea pen","Species",1393616,"Cnidaria","Octocorallia",NA,"Scleralcyonacea",NA,"Balticinidae",NA,"Balticina",NA,"willemoesi",NA,"(Kölliker, 1880)","Balticina septentrionalis | Halipteris septentrionalis | Halipteris willemoesi | Microptilum willemoesi | Osteocella cliftoni | Osteocella septentrionalis | Pavonaria (Verrillia) blakei | Pavonaria dofleini | Pavonaria willemoesi | Verrillia blakei"
208,"Halipteris willemoesi","Balticina willemoesi",NA,"sea pen","Species",1393616,"Cnidaria","Octocorallia",NA,"Scleralcyonacea",NA,"Balticinidae",NA,"Balticina",NA,"willemoesi",NA,"(Kölliker, 1880)","Balticina septentrionalis | Halipteris septentrionalis | Halipteris willemoesi | Microptilum willemoesi | Osteocella cliftoni | Osteocella septentrionalis | Pavonaria (Verrillia) blakei | Pavonaria dofleini | Pavonaria willemoesi | Verrillia blakei"
209,"Halipteris willemoesi","Balticina willemoesi",NA,"sea pen","Species",1393616,"Cnidaria","Octocorallia",NA,"Scleralcyonacea",NA,"Balticinidae",NA,"Balticina",NA,"willemoesi",NA,"(Kölliker, 1880)","Balticina septentrionalis | Halipteris septentrionalis | Halipteris willemoesi | Microptilum willemoesi | Osteocella cliftoni | Osteocella septentrionalis | Pavonaria (Verrillia) blakei | Pavonaria dofleini | Pavonaria willemoesi | Verrillia blakei"
210,"Upright demosponge","Demospongiae","demosponges | horny sponges","demosponge","Class",164811,"Porifera","Demospongiae",NA,NA,NA,NA,NA,NA,NA,NA,NA,"Sollas, 1885","Ceractinomorpha | Cornacuspongia | Monaxonida | Sclerospongiae | Tetractinomorpha"
211,"Upright demosponge","Demospongiae","demosponges | horny sponges","demosponge","Class",164811,"Porifera","Demospongiae",NA,NA,NA,NA,NA,NA,NA,NA,NA,"Sollas, 1885","Ceractinomorpha | Cornacuspongia | Monaxonida | Sclerospongiae | Tetractinomorpha"
212,"Upright demosponge","Demospongiae","demosponges | horny sponges","demosponge","Class",164811,"Porifera","Demospongiae",NA,NA,NA,NA,NA,NA,NA,NA,NA,"Sollas, 1885","Ceractinomorpha | Cornacuspongia | Monaxonida | Sclerospongiae | Tetractinomorpha"
213,"Halipteris sp.","Balticina",NA,"sea pen","Genus",146534,"Cnidaria","Octocorallia",NA,"Scleralcyonacea",NA,"Balticinidae",NA,"Balticina",NA,NA,NA,"Gray, 1870","Gondul | Halipteris | Lygomorpha | Microptilum | Norticina | Osteocella | Pavonaria | Pavonaria (Verrillia) | Rakollikeria | Stichoptilum | Verrillia"
214,"Halipteris sp.","Balticina",NA,"sea pen","Genus",146534,"Cnidaria","Octocorallia",NA,"Scleralcyonacea",NA,"Balticinidae",NA,"Balticina",NA,NA,NA,"Gray, 1870","Gondul | Halipteris | Lygomorpha | Microptilum | Norticina | Osteocella | Pavonaria | Pavonaria (Verrillia) | Rakollikeria | Stichoptilum | Verrillia"
215,"Halipteris sp.","Balticina",NA,"sea pen","Genus",146534,"Cnidaria","Octocorallia",NA,"Scleralcyonacea",NA,"Balticinidae",NA,"Balticina",NA,NA,NA,"Gray, 1870","Gondul | Halipteris | Lygomorpha | Microptilum | Norticina | Osteocella | Pavonaria | Pavonaria (Verrillia) | Rakollikeria | Stichoptilum | Verrillia"
216,"Halipteris willemoesi","Balticina willemoesi",NA,"sea pen","Species",1393616,"Cnidaria","Octocorallia",NA,"Scleralcyonacea",NA,"Balticinidae",NA,"Balticina",NA,"willemoesi",NA,"(Kölliker, 1880)","Balticina septentrionalis | Halipteris septentrionalis | Halipteris willemoesi | Microptilum willemoesi | Osteocella cliftoni | Osteocella septentrionalis | Pavonaria (Verrillia) blakei | Pavonaria dofleini | Pavonaria willemoesi | Verrillia blakei"
217,"Halipteris willemoesi","Balticina willemoesi",NA,"sea pen","Species",1393616,"Cnidaria","Octocorallia",NA,"Scleralcyonacea",NA,"Balticinidae",NA,"Balticina",NA,"willemoesi",NA,"(Kölliker, 1880)","Balticina septentrionalis | Halipteris septentrionalis | Halipteris willemoesi | Microptilum willemoesi | Osteocella cliftoni | Osteocella septentrionalis | Pavonaria (Verrillia) blakei | Pavonaria dofleini | Pavonaria willemoesi | Verrillia blakei"
218,"Halipteris willemoesi","Balticina willemoesi",NA,"sea pen","Species",1393616,"Cnidaria","Octocorallia",NA,"Scleralcyonacea",NA,"Balticinidae",NA,"Balticina",NA,"willemoesi",NA,"(Kölliker, 1880)","Balticina septentrionalis | Halipteris septentrionalis | Halipteris willemoesi | Microptilum willemoesi | Osteocella cliftoni | Osteocella septentrionalis | Pavonaria (Verrillia) blakei | Pavonaria dofleini | Pavonaria willemoesi | Verrillia blakei"
219,"Upright demosponge","Demospongiae","demosponges | horny sponges","demosponge","Class",164811,"Porifera","Demospongiae",NA,NA,NA,NA,NA,NA,NA,NA,NA,"Sollas, 1885","Ceractinomorpha | Cornacuspongia | Monaxonida | Sclerospongiae | Tetractinomorpha"
220,"Upright demosponge","Demospongiae","demosponges | horny sponges","demosponge","Class",164811,"Porifera","Demospongiae",NA,NA,NA,NA,NA,NA,NA,NA,NA,"Sollas, 1885","Ceractinomorpha | Cornacuspongia | Monaxonida | Sclerospongiae | Tetractinomorpha"
221,"Upright demosponge","Demospongiae","demosponges | horny sponges","demosponge","Class",164811,"Porifera","Demospongiae",NA,NA,NA,NA,NA,NA,NA,NA,NA,"Sollas, 1885","Ceractinomorpha | Cornacuspongia | Monaxonida | Sclerospongiae | Tetractinomorpha"
222,"Pennatulacean","Pennatuloidea",NA,"sea pen","Superfamily",1609360,"Cnidaria","Octocorallia",NA,"Scleralcyonacea",NA,NA,NA,NA,NA,NA,NA,"Ehrenberg, 1834","Pennatulacea | Sessiliflorae | Subselliflorae"
223,"Pennatulacean","Pennatuloidea",NA,"sea pen","Superfamily",1609360,"Cnidaria","Octocorallia",NA,"Scleralcyonacea",NA,NA,NA,NA,NA,NA,NA,"Ehrenberg, 1834","Pennatulacea | Sessiliflorae | Subselliflorae"
224,"Pennatulacean","Pennatuloidea",NA,"sea pen","Superfamily",1609360,"Cnidaria","Octocorallia",NA,"Scleralcyonacea",NA,NA,NA,NA,NA,NA,NA,"Ehrenberg, 1834","Pennatulacea | Sessiliflorae | Subselliflorae"
225,"Halipteris sp.","Balticina",NA,"sea pen","Genus",146534,"Cnidaria","Octocorallia",NA,"Scleralcyonacea",NA,"Balticinidae",NA,"Balticina",NA,NA,NA,"Gray, 1870","Gondul | Halipteris | Lygomorpha | Microptilum | Norticina | Osteocella | Pavonaria | Pavonaria (Verrillia) | Rakollikeria | Stichoptilum | Verrillia"
226,"Halipteris sp.","Balticina",NA,"sea pen","Genus",146534,"Cnidaria","Octocorallia",NA,"Scleralcyonacea",NA,"Balticinidae",NA,"Balticina",NA,NA,NA,"Gray, 1870","Gondul | Halipteris | Lygomorpha | Microptilum | Norticina | Osteocella | Pavonaria | Pavonaria (Verrillia) | Rakollikeria | Stichoptilum | Verrillia"
227,"Halipteris willemoesi","Balticina willemoesi",NA,"sea pen","Species",1393616,"Cnidaria","Octocorallia",NA,"Scleralcyonacea",NA,"Balticinidae",NA,"Balticina",NA,"willemoesi",NA,"(Kölliker, 1880)","Balticina septentrionalis | Halipteris septentrionalis | Halipteris willemoesi | Microptilum willemoesi | Osteocella cliftoni | Osteocella septentrionalis | Pavonaria (Verrillia) blakei | Pavonaria dofleini | Pavonaria willemoesi | Verrillia blakei"
228,"Halipteris willemoesi","Balticina willemoesi",NA,"sea pen","Species",1393616,"Cnidaria","Octocorallia",NA,"Scleralcyonacea",NA,"Balticinidae",NA,"Balticina",NA,"willemoesi",NA,"(Kölliker, 1880)","Balticina septentrionalis | Halipteris septentrionalis | Halipteris willemoesi | Microptilum willemoesi | Osteocella cliftoni | Osteocella septentrionalis | Pavonaria (Verrillia) blakei | Pavonaria dofleini | Pavonaria willemoesi | Verrillia blakei"
229,"Stylasteridae","Stylasteridae","lace corals | sylasterine hydrocorals","lace coral","Family",22805,"Cnidaria","Hydrozoa","Hydroidolina","Anthoathecata","Filifera","Stylasteridae",NA,NA,NA,NA,NA,"Gray, 1847","Adeloporinae | Distichoporinae | Errininae | Errininae | Stylasterinae"
230,"Stylasteridae","Stylasteridae","lace corals | sylasterine hydrocorals","lace coral","Family",22805,"Cnidaria","Hydrozoa","Hydroidolina","Anthoathecata","Filifera","Stylasteridae",NA,NA,NA,NA,NA,"Gray, 1847","Adeloporinae | Distichoporinae | Errininae | Errininae | Stylasterinae"
231,"Upright hexactinellid","Hexactinellida","glass sponges | hexactinellid sponges","glass sponge","Class",22612,"Porifera","Hexactinellida",NA,NA,NA,NA,NA,NA,NA,NA,NA,"Schmidt, 1870","Hyalospongiae"
232,"Upright hexactinellid","Hexactinellida","glass sponges | hexactinellid sponges","glass sponge","Class",22612,"Porifera","Hexactinellida",NA,NA,NA,NA,NA,NA,NA,NA,NA,"Schmidt, 1870","Hyalospongiae"
233,"Halipteris sp.","Balticina",NA,"sea pen","Genus",146534,"Cnidaria","Octocorallia",NA,"Scleralcyonacea",NA,"Balticinidae",NA,"Balticina",NA,NA,NA,"Gray, 1870","Gondul | Halipteris | Lygomorpha | Microptilum | Norticina | Osteocella | Pavonaria | Pavonaria (Verrillia) | Rakollikeria | Stichoptilum | Verrillia"
234,"Halipteris sp.","Balticina",NA,"sea pen","Genus",146534,"Cnidaria","Octocorallia",NA,"Scleralcyonacea",NA,"Balticinidae",NA,"Balticina",NA,NA,NA,"Gray, 1870","Gondul | Halipteris | Lygomorpha | Microptilum | Norticina | Osteocella | Pavonaria | Pavonaria (Verrillia) | Rakollikeria | Stichoptilum | Verrillia"
235,"Halipteris sp.","Balticina",NA,"sea pen","Genus",146534,"Cnidaria","Octocorallia",NA,"Scleralcyonacea",NA,"Balticinidae",NA,"Balticina",NA,NA,NA,"Gray, 1870","Gondul | Halipteris | Lygomorpha | Microptilum | Norticina | Osteocella | Pavonaria | Pavonaria (Verrillia) | Rakollikeria | Stichoptilum | Verrillia"
236,"Halipteris sp.","Balticina",NA,"sea pen","Genus",146534,"Cnidaria","Octocorallia",NA,"Scleralcyonacea",NA,"Balticinidae",NA,"Balticina",NA,NA,NA,"Gray, 1870","Gondul | Halipteris | Lygomorpha | Microptilum | Norticina | Osteocella | Pavonaria | Pavonaria (Verrillia) | Rakollikeria | Stichoptilum | Verrillia"
237,"Halipteris willemoesi","Balticina willemoesi",NA,"sea pen","Species",1393616,"Cnidaria","Octocorallia",NA,"Scleralcyonacea",NA,"Balticinidae",NA,"Balticina",NA,"willemoesi",NA,"(Kölliker, 1880)","Balticina septentrionalis | Halipteris septentrionalis | Halipteris willemoesi | Microptilum willemoesi | Osteocella cliftoni | Osteocella septentrionalis | Pavonaria (Verrillia) blakei | Pavonaria dofleini | Pavonaria willemoesi | Verrillia blakei"
238,"Halipteris willemoesi","Balticina willemoesi",NA,"sea pen","Species",1393616,"Cnidaria","Octocorallia",NA,"Scleralcyonacea",NA,"Balticinidae",NA,"Balticina",NA,"willemoesi",NA,"(Kölliker, 1880)","Balticina septentrionalis | Halipteris septentrionalis | Halipteris willemoesi | Microptilum willemoesi | Osteocella cliftoni | Osteocella septentrionalis | Pavonaria (Verrillia) blakei | Pavonaria dofleini | Pavonaria willemoesi | Verrillia blakei"
239,"Halipteris willemoesi","Balticina willemoesi",NA,"sea pen","Species",1393616,"Cnidaria","Octocorallia",NA,"Scleralcyonacea",NA,"Balticinidae",NA,"Balticina",NA,"willemoesi",NA,"(Kölliker, 1880)","Balticina septentrionalis | Halipteris septentrionalis | Halipteris willemoesi | Microptilum willemoesi | Osteocella cliftoni | Osteocella septentrionalis | Pavonaria (Verrillia) blakei | Pavonaria dofleini | Pavonaria willemoesi | Verrillia blakei"
240,"Halipteris willemoesi","Balticina willemoesi",NA,"sea pen","Species",1393616,"Cnidaria","Octocorallia",NA,"Scleralcyonacea",NA,"Balticinidae",NA,"Balticina",NA,"willemoesi",NA,"(Kölliker, 1880)","Balticina septentrionalis | Halipteris septentrionalis | Halipteris willemoesi | Microptilum willemoesi | Osteocella cliftoni | Osteocella septentrionalis | Pavonaria (Verrillia) blakei | Pavonaria dofleini | Pavonaria willemoesi | Verrillia blakei"
241,"Sea pen","Pennatuloidea",NA,"sea pen","Superfamily",1609360,"Cnidaria","Octocorallia",NA,"Scleralcyonacea",NA,NA,NA,NA,NA,NA,NA,"Ehrenberg, 1834","Pennatulacea | Sessiliflorae | Subselliflorae"
242,"Sea pen","Pennatuloidea",NA,"sea pen","Superfamily",1609360,"Cnidaria","Octocorallia",NA,"Scleralcyonacea",NA,NA,NA,NA,NA,NA,NA,"Ehrenberg, 1834","Pennatulacea | Sessiliflorae | Subselliflorae"
243,"Sea pen","Pennatuloidea",NA,"sea pen","Superfamily",1609360,"Cnidaria","Octocorallia",NA,"Scleralcyonacea",NA,NA,NA,NA,NA,NA,NA,"Ehrenberg, 1834","Pennatulacea | Sessiliflorae | Subselliflorae"
244,"Sea pen","Pennatuloidea",NA,"sea pen","Superfamily",1609360,"Cnidaria","Octocorallia",NA,"Scleralcyonacea",NA,NA,NA,NA,NA,NA,NA,"Ehrenberg, 1834","Pennatulacea | Sessiliflorae | Subselliflorae"
245,"Upright hexactinellid","Hexactinellida","glass sponges | hexactinellid sponges","glass sponge","Class",22612,"Porifera","Hexactinellida",NA,NA,NA,NA,NA,NA,NA,NA,NA,"Schmidt, 1870","Hyalospongiae"
246,"Upright hexactinellid","Hexactinellida","glass sponges | hexactinellid sponges","glass sponge","Class",22612,"Porifera","Hexactinellida",NA,NA,NA,NA,NA,NA,NA,NA,NA,"Schmidt, 1870","Hyalospongiae"
247,"Upright hexactinellid","Hexactinellida","glass sponges | hexactinellid sponges","glass sponge","Class",22612,"Porifera","Hexactinellida",NA,NA,NA,NA,NA,NA,NA,NA,NA,"Schmidt, 1870","Hyalospongiae"
248,"Upright hexactinellid","Hexactinellida","glass sponges | hexactinellid sponges","glass sponge","Class",22612,"Porifera","Hexactinellida",NA,NA,NA,NA,NA,NA,NA,NA,NA,"Schmidt, 1870","Hyalospongiae"
249,"Stylasteridae","Stylasteridae","lace corals | sylasterine hydrocorals","lace coral","Family",22805,"Cnidaria","Hydrozoa","Hydroidolina","Anthoathecata","Filifera","Stylasteridae",NA,NA,NA,NA,NA,"Gray, 1847","Adeloporinae | Distichoporinae | Errininae | Errininae | Stylasterinae"
250,"Stylasteridae","Stylasteridae","lace corals | sylasterine hydrocorals","lace coral","Family",22805,"Cnidaria","Hydrozoa","Hydroidolina","Anthoathecata","Filifera","Stylasteridae",NA,NA,NA,NA,NA,"Gray, 1847","Adeloporinae | Distichoporinae | Errininae | Errininae | Stylasterinae"
251,"Stylasteridae","Stylasteridae","lace corals | sylasterine hydrocorals","lace coral","Family",22805,"Cnidaria","Hydrozoa","Hydroidolina","Anthoathecata","Filifera","Stylasteridae",NA,NA,NA,NA,NA,"Gray, 1847","Adeloporinae | Distichoporinae | Errininae | Errininae | Stylasterinae"
252,"Upright demosponge","Demospongiae","demosponges | horny sponges","demosponge","Class",164811,"Porifera","Demospongiae",NA,NA,NA,NA,NA,NA,NA,NA,NA,"Sollas, 1885","Ceractinomorpha | Cornacuspongia | Monaxonida | Sclerospongiae | Tetractinomorpha"
253,"Upright demosponge","Demospongiae","demosponges | horny sponges","demosponge","Class",164811,"Porifera","Demospongiae",NA,NA,NA,NA,NA,NA,NA,NA,NA,"Sollas, 1885","Ceractinomorpha | Cornacuspongia | Monaxonida | Sclerospongiae | Tetractinomorpha"
254,"Upright demosponge","Demospongiae","demosponges | horny sponges","demosponge","Class",164811,"Porifera","Demospongiae",NA,NA,NA,NA,NA,NA,NA,NA,NA,"Sollas, 1885","Ceractinomorpha | Cornacuspongia | Monaxonida | Sclerospongiae | Tetractinomorpha"
255,"Upright hexactinellid","Hexactinellida","glass sponges | hexactinellid sponges","glass sponge","Class",22612,"Porifera","Hexactinellida",NA,NA,NA,NA,NA,NA,NA,NA,NA,"Schmidt, 1870","Hyalospongiae"
256,"Upright hexactinellid","Hexactinellida","glass sponges | hexactinellid sponges","glass sponge","Class",22612,"Porifera","Hexactinellida",NA,NA,NA,NA,NA,NA,NA,NA,NA,"Schmidt, 1870","Hyalospongiae"
257,"Upright hexactinellid","Hexactinellida","glass sponges | hexactinellid sponges","glass sponge","Class",22612,"Porifera","Hexactinellida",NA,NA,NA,NA,NA,NA,NA,NA,NA,"Schmidt, 1870","Hyalospongiae"
258,"Upright demosponge","Demospongiae","demosponges | horny sponges","demosponge","Class",164811,"Porifera","Demospongiae",NA,NA,NA,NA,NA,NA,NA,NA,NA,"Sollas, 1885","Ceractinomorpha | Cornacuspongia | Monaxonida | Sclerospongiae | Tetractinomorpha"
259,"Upright demosponge","Demospongiae","demosponges | horny sponges","demosponge","Class",164811,"Porifera","Demospongiae",NA,NA,NA,NA,NA,NA,NA,NA,NA,"Sollas, 1885","Ceractinomorpha | Cornacuspongia | Monaxonida | Sclerospongiae | Tetractinomorpha"
260,"Halipteris willemoesi","Balticina willemoesi",NA,"sea pen","Species",1393616,"Cnidaria","Octocorallia",NA,"Scleralcyonacea",NA,"Balticinidae",NA,"Balticina",NA,"willemoesi",NA,"(Kölliker, 1880)","Balticina septentrionalis | Halipteris septentrionalis | Halipteris willemoesi | Microptilum willemoesi | Osteocella cliftoni | Osteocella septentrionalis | Pavonaria (Verrillia) blakei | Pavonaria dofleini | Pavonaria willemoesi | Verrillia blakei"
261,"Upright demosponge","Demospongiae","demosponges | horny sponges","demosponge","Class",164811,"Porifera","Demospongiae",NA,NA,NA,NA,NA,NA,NA,NA,NA,"Sollas, 1885","Ceractinomorpha | Cornacuspongia | Monaxonida | Sclerospongiae | Tetractinomorpha"
